{
  "cst_path": "c:\\Users\\prami\\Documents\\BITS Pilani\\DL Antenna\\output\\sims\\case_study_1_spiral_wpt_16elem\\case_study_1_spiral_wpt_16elem.cst",
  "array_config": {
    "n_elements": 16,
    "freq_hz": 6500000000.0,
    "patch_radius_mm": 13.836574984615385,
    "cone_half_angle_deg": 25.0
  },
  "positions_mm": [
    [
      -17.06644065641926,
      -3.8573962157893877e-05
    ],
    [
      18.09637031696778,
      -16.57768532704843
    ],
    [
      -2.6765757654473186,
      30.49747134466967
    ],
    [
      -22.139698909900225,
      -28.877435873691727
    ],
    [
      39.25393580060195,
      6.943545579504175
    ],
    [
      -38.37029689674854,
      24.407944299961542
    ],
    [
      12.443283848103553,
      -46.28807723502878
    ],
    [
      24.076640358800148,
      46.358291279745195
    ],
    [
      -52.8006430457625,
      -19.282802689735174
    ],
    [
      55.34106317729528,
      -22.843892018888713
    ],
    [
      -26.22514963822594,
      56.041421826807465
    ],
    [
      -19.054111970551208,
      -60.74778345253938
    ],
    [
      58.55955996236515,
      33.93655501062252
    ],
    [
      -66.64799984910863,
      14.652298941992036
    ],
    [
      41.254780843107355,
      -58.68055442017359
    ],
    [
      9.579998497259231,
      73.92872182534096
    ]
  ],
  "weights": {
    "amplitudes": [
      0.8423844304804677,
      0.8442853043742007,
      0.8312200882919872,
      0.6503793378333408,
      0.615185459115864,
      0.6169777656862093,
      0.5681587436930189,
      0.3775392297436644,
      0.4195048960772907,
      0.3095374612960507,
      0.42146524732704577,
      0.2740301380608557,
      0.17810886208802063,
      0.2525874697230833,
      0.23386073116856637,
      0.18469499999615663
    ],
    "phases_deg": [
      -177.68369382276333,
      178.49085401063687,
      -178.7194153908105,
      179.49908082041054,
      176.2642891965282,
      179.1559879999808,
      -174.4731282668027,
      -172.7208536646136,
      179.51182027361844,
      179.44538718985802,
      -173.93804146178394,
      168.84487784233957,
      165.1159537363761,
      -175.8087462014104,
      -174.80985512762524,
      163.7027537840249
    ]
  }
}