{
  "optimizer": "Genetic Algorithm",
  "timestamp": "2025-11-27T23:19:37.767167",
  "config": {
    "n_elements": 16,
    "freq_hz": 6500000000.0,
    "wavelength_mm": 46.12191661538462,
    "cone_half_angle_deg": 25.0,
    "max_iterations": 150
  },
  "results": {
    "alpha": [
      0.18103354207581285,
      0.17308416379742914,
      0.6986305296147115,
      0.26583254195263967,
      0.43102578220612997,
      0.7729816360525164,
      0.34216673166097855,
      0.3650181874257528,
      0.5632844216562064,
      0.40992791664063116,
      0.7944765559894182,
      0.7240438310236498,
      0.18054837986325697,
      0.5398680644276226,
      0.4729302885286489,
      0.6894011442171915,
      0.7091674331401067,
      1.0,
      0.9697535001002883,
      0.7030418981270807,
      0.5637248649704095,
      0.362793903791836,
      0.23069167879881494,
      0.5560522007508413,
      0.3883856618946957,
      0.4724872415447213,
      0.3451217302052539,
      0.6028854220338183,
      0.2385044880741155,
      0.28102449529374185,
      0.405716169593543,
      0.31083951662262654,
      0.4410751159551436
    ],
    "positions_mm": [
      [
        14.873490888228668,
        -5.043340252975553
      ],
      [
        -19.015917136506655,
        11.476363521452344
      ],
      [
        -3.974407678181091,
        -26.91044629760215
      ],
      [
        20.783965056453447,
        23.55102641011939
      ],
      [
        -31.651611539420266,
        -15.213663184951923
      ],
      [
        28.810328408765244,
        -25.49315691781075
      ],
      [
        -5.288935074089408,
        41.21430880833257
      ],
      [
        -17.94000342009175,
        -40.63747499738553
      ],
      [
        45.531359085375996,
        12.116082239077578
      ],
      [
        -49.43099399951264,
        4.81008870138519
      ],
      [
        32.007517063763935,
        -41.09422081774288
      ],
      [
        31.76117547027501,
        44.17125624272482
      ],
      [
        -47.82306966106536,
        -30.322964327658514
      ],
      [
        57.030619936214805,
        -14.166600129321202
      ],
      [
        -43.72565500852187,
        42.28365258250872
      ],
      [
        5.039057271839131,
        -62.61872000898135
      ]
    ],
    "weights": {
      "real": [
        1.0,
        0.9697535001002883,
        0.7030418981270807,
        0.5637248649704095,
        0.362793903791836,
        0.23069167879881494,
        0.5560522007508413,
        0.3883856618946957,
        0.4724872415447213,
        0.3451217302052539,
        0.6028854220338183,
        0.2385044880741155,
        0.28102449529374185,
        0.405716169593543,
        0.31083951662262654,
        0.4410751159551436
      ],
      "imag": [
        0.0,
        0.0,
        0.0,
        0.0,
        0.0,
        0.0,
        0.0,
        0.0,
        0.0,
        0.0,
        0.0,
        0.0,
        0.0,
        0.0,
        0.0,
        0.0
      ]
    },
    "amplitudes": [
      1.0,
      0.9697535001002883,
      0.7030418981270807,
      0.5637248649704095,
      0.362793903791836,
      0.23069167879881494,
      0.5560522007508413,
      0.3883856618946957,
      0.4724872415447213,
      0.3451217302052539,
      0.6028854220338183,
      0.2385044880741155,
      0.28102449529374185,
      0.405716169593543,
      0.31083951662262654,
      0.4410751159551436
    ],
    "phases_rad": [
      0.0,
      0.0,
      0.0,
      0.0,
      0.0,
      0.0,
      0.0,
      0.0,
      0.0,
      0.0,
      0.0,
      0.0,
      0.0,
      0.0,
      0.0,
      0.0
    ],
    "phases_deg": [
      0.0,
      0.0,
      0.0,
      0.0,
      0.0,
      0.0,
      0.0,
      0.0,
      0.0,
      0.0,
      0.0,
      0.0,
      0.0,
      0.0,
      0.0,
      0.0
    ]
  },
  "metrics": {
    "objective": 0.9739054205405452,
    "cone_power_ratio": 0.9739054205405452,
    "cone_power_percent": 97.39054205405452,
    "directivity_dbi": 18.861709225099194,
    "peak_theta_deg": 0.0,
    "peak_phi_deg": 0.0,
    "generation": 129
  },
  "performance": {
    "elapsed_time_s": 33.583754539489746,
    "num_iterations": 150,
    "num_evaluations": 150
  }
}