{
  "optimizer": "Differential Evolution",
  "timestamp": "2025-11-27T23:19:37.785661",
  "config": {
    "n_elements": 16,
    "freq_hz": 6500000000.0,
    "wavelength_mm": 46.12191661538462,
    "cone_half_angle_deg": 25.0,
    "max_iterations": 150
  },
  "results": {
    "alpha": [
      0.1726697812971016,
      0.021785069640608577,
      0.6643104132144595,
      0.5101558842695022,
      0.6934487300169219,
      0.6153128553858662,
      0.7967005051975689,
      0.03718099788256558,
      0.39047836117384976,
      0.31993938011471246,
      0.017762058669699193,
      0.3765657499325527,
      1.0,
      0.00011640458692938735,
      0.00013320895775449025,
      0.9747495421635145,
      0.8075493816295461,
      0.9953788860981841,
      1.0,
      0.9583088611017613,
      1.0,
      0.6440337366723106,
      0.316418181148684,
      0.0,
      0.6364821637541325,
      0.5244864845228568,
      0.32306622671033997,
      0.002674260023217707,
      0.3609772902510017,
      0.2796077689231399,
      0.7194970574837205,
      0.2562459564925723,
      0.5764399756005476
    ],
    "positions_mm": [
      [
        13.772193790583378,
        -7.138734861215629
      ],
      [
        -18.38236582418057,
        11.97323436479198
      ],
      [
        2.6206747813774975,
        -26.740168947906966
      ],
      [
        13.791295788785781,
        27.79099835131322
      ],
      [
        -33.23457072475268,
        -9.931646130526692
      ],
      [
        36.622348909152045,
        -10.129792876512413
      ],
      [
        8.162112609177253,
        40.22218191898521
      ],
      [
        -24.357458572260498,
        -36.49374014394199
      ],
      [
        45.86568672123089,
        7.8773407065438565
      ],
      [
        -31.492044334139006,
        37.6111647772016
      ],
      [
        15.903116659516495,
        -48.92927865786613
      ],
      [
        -10.46806446631746,
        52.7070954712783
      ],
      [
        -55.912832522494,
        -1.4171461551579918
      ],
      [
        43.778756036027424,
        -38.10916584072202
      ],
      [
        -53.19859492791423,
        27.91831578117632
      ],
      [
        11.028187928923828,
        -61.06174568901742
      ]
    ],
    "weights": {
      "real": [
        0.9953788860981841,
        1.0,
        0.9583088611017613,
        1.0,
        0.6440337366723106,
        0.316418181148684,
        0.0,
        0.6364821637541325,
        0.5244864845228568,
        0.32306622671033997,
        0.002674260023217707,
        0.3609772902510017,
        0.2796077689231399,
        0.7194970574837205,
        0.2562459564925723,
        0.5764399756005476
      ],
      "imag": [
        0.0,
        0.0,
        0.0,
        0.0,
        0.0,
        0.0,
        0.0,
        0.0,
        0.0,
        0.0,
        0.0,
        0.0,
        0.0,
        0.0,
        0.0,
        0.0
      ]
    },
    "amplitudes": [
      0.9953788860981841,
      1.0,
      0.9583088611017613,
      1.0,
      0.6440337366723106,
      0.316418181148684,
      0.0,
      0.6364821637541325,
      0.5244864845228568,
      0.32306622671033997,
      0.002674260023217707,
      0.3609772902510017,
      0.2796077689231399,
      0.7194970574837205,
      0.2562459564925723,
      0.5764399756005476
    ],
    "phases_rad": [
      0.0,
      0.0,
      0.0,
      0.0,
      0.0,
      0.0,
      0.0,
      0.0,
      0.0,
      0.0,
      0.0,
      0.0,
      0.0,
      0.0,
      0.0,
      0.0
    ],
    "phases_deg": [
      0.0,
      0.0,
      0.0,
      0.0,
      0.0,
      0.0,
      0.0,
      0.0,
      0.0,
      0.0,
      0.0,
      0.0,
      0.0,
      0.0,
      0.0,
      0.0
    ]
  },
  "metrics": {
    "objective": 0.961786192711428,
    "cone_power_ratio": 0.961786192711428,
    "cone_power_percent": 96.1786192711428,
    "directivity_dbi": 18.546115168230454,
    "peak_theta_deg": 0.0,
    "peak_phi_deg": 0.0,
    "generation": 146
  },
  "performance": {
    "elapsed_time_s": 41.42773389816284,
    "num_iterations": 150,
    "num_evaluations": 150
  }
}