{
  "optimizer": "PSO",
  "timestamp": "2025-11-27T23:19:37.773416",
  "config": {
    "n_elements": 16,
    "freq_hz": 6500000000.0,
    "wavelength_mm": 46.12191661538462,
    "cone_half_angle_deg": 25.0,
    "max_iterations": 150
  },
  "results": {
    "alpha": [
      0.17545975128006586,
      0.010292366824163793,
      0.2517358047505492,
      0.16736109324257956,
      0.22422079346962898,
      0.4008511234676416,
      1.0,
      0.2330832627717174,
      0.5086757171272722,
      0.48811140948080695,
      0.0,
      0.6821785386201515,
      0.23184479241121492,
      0.7515696685455189,
      0.409342466355735,
      0.7104724619341856,
      0.5744690843079545,
      1.0,
      1.0,
      0.9994904964788881,
      0.5344879876648605,
      0.795295257228518,
      0.2522847505990466,
      0.44175865892911087,
      0.11424686643413819,
      0.3143117226107593,
      0.0,
      0.8105964592445545,
      0.3047912134736919,
      0.4372708957968904,
      0.5036152961879202,
      0.3469923050451265,
      0.479916369849051
    ],
    "positions_mm": [
      [
        13.74602031820212,
        -7.326802842452656
      ],
      [
        -12.088964065554,
        18.415405963022913
      ],
      [
        -6.546761371019768,
        -26.17336927093485
      ],
      [
        24.97087050816414,
        18.627830898601417
      ],
      [
        -34.73032376154484,
        -2.642003751182639
      ],
      [
        38.070613435210134,
        -2.5375341476291315
      ],
      [
        0.17741121129558785,
        41.21182265595992
      ],
      [
        -19.966556617272655,
        -39.273623880335116
      ],
      [
        44.08219869434936,
        15.507281792670318
      ],
      [
        -30.946885505850105,
        38.32285769999131
      ],
      [
        30.01189867127851,
        -42.05082873655984
      ],
      [
        29.21349893109577,
        45.367310411463
      ],
      [
        -40.05331831220541,
        -39.36988926107009
      ],
      [
        55.556697959498855,
        -17.616609054110977
      ],
      [
        -44.241778207420765,
        41.0145313060427
      ],
      [
        -3.387787056901417,
        -62.214827256423824
      ]
    ],
    "weights": {
      "real": [
        1.0,
        1.0,
        0.9994904964788881,
        0.5344879876648605,
        0.795295257228518,
        0.2522847505990466,
        0.44175865892911087,
        0.11424686643413819,
        0.3143117226107593,
        0.0,
        0.8105964592445545,
        0.3047912134736919,
        0.4372708957968904,
        0.5036152961879202,
        0.3469923050451265,
        0.479916369849051
      ],
      "imag": [
        0.0,
        0.0,
        0.0,
        0.0,
        0.0,
        0.0,
        0.0,
        0.0,
        0.0,
        0.0,
        0.0,
        0.0,
        0.0,
        0.0,
        0.0,
        0.0
      ]
    },
    "amplitudes": [
      1.0,
      1.0,
      0.9994904964788881,
      0.5344879876648605,
      0.795295257228518,
      0.2522847505990466,
      0.44175865892911087,
      0.11424686643413819,
      0.3143117226107593,
      0.0,
      0.8105964592445545,
      0.3047912134736919,
      0.4372708957968904,
      0.5036152961879202,
      0.3469923050451265,
      0.479916369849051
    ],
    "phases_rad": [
      0.0,
      0.0,
      0.0,
      0.0,
      0.0,
      0.0,
      0.0,
      0.0,
      0.0,
      0.0,
      0.0,
      0.0,
      0.0,
      0.0,
      0.0,
      0.0
    ],
    "phases_deg": [
      0.0,
      0.0,
      0.0,
      0.0,
      0.0,
      0.0,
      0.0,
      0.0,
      0.0,
      0.0,
      0.0,
      0.0,
      0.0,
      0.0,
      0.0,
      0.0
    ]
  },
  "metrics": {
    "objective": 0.9693869605343826,
    "cone_power_ratio": 0.9693869605343826,
    "cone_power_percent": 96.93869605343825,
    "directivity_dbi": 18.69415066877757,
    "peak_theta_deg": 0.0,
    "peak_phi_deg": 0.0,
    "iteration": 134
  },
  "performance": {
    "elapsed_time_s": 29.702057600021362,
    "num_iterations": 135,
    "num_evaluations": 135
  }
}