{
  "optimizer": "Gradient (Adam)",
  "timestamp": "2025-11-27T23:19:37.765156",
  "config": {
    "n_elements": 16,
    "freq_hz": 6500000000.0,
    "wavelength_mm": 46.12191661538462,
    "cone_half_angle_deg": 25.0,
    "max_iterations": 150
  },
  "results": {
    "alpha": [
      0.2001799425122105,
      0.43119250603656156,
      0.5544856260514777,
      0.08243810539718292,
      0.6777231558164061,
      0.6437775277331511,
      0.35411042693543127,
      0.2598992411934589,
      0.5081728575213686,
      0.43732984910707484,
      0.7145868433910832,
      0.4785334529738678,
      0.14409749407077993,
      0.6287323406877052,
      0.35306483074388184,
      0.5669381943787372,
      0.3965143198341749,
      0.9458495408944637,
      0.8236297479531998,
      0.9016984277864171,
      0.31109071377563763,
      0.3501712807700876,
      0.3619746670999268,
      0.3972352179265374,
      0.0,
      0.4465529940187116,
      0.33809364135315695,
      0.4807878811748575,
      0.25045035745422456,
      0.34004262640434213,
      0.3513380694839451,
      0.2901147108577655,
      0.3617596156213196
    ],
    "positions_mm": [
      [
        16.10861221194985,
        -1.1101457751734538
      ],
      [
        -17.652885974484022,
        14.485000477946006
      ],
      [
        -9.0631988358927,
        -26.457850630246195
      ],
      [
        14.808426995258689,
        28.69825315371225
      ],
      [
        -34.285527657215745,
        -11.318199876829857
      ],
      [
        29.931217039540872,
        -25.854228140762388
      ],
      [
        -0.9616054187566331,
        42.70964753165759
      ],
      [
        -20.71775351055621,
        -40.70053043601224
      ],
      [
        46.45254723315966,
        13.734597004830837
      ],
      [
        -50.26393234651483,
        8.985277705009103
      ],
      [
        21.651778688636945,
        -48.98079624737184
      ],
      [
        34.28739039545161,
        44.19290205808254
      ],
      [
        -46.20680854776412,
        -35.41593408781945
      ],
      [
        56.47160169412601,
        -21.47173855605546
      ],
      [
        -39.307807295890484,
        48.63839482493095
      ],
      [
        -14.872447977470452,
        -62.851628998390176
      ]
    ],
    "weights": {
      "real": [
        0.9458495408944637,
        0.8236297479531998,
        0.9016984277864171,
        0.31109071377563763,
        0.3501712807700876,
        0.3619746670999268,
        0.3972352179265374,
        0.0,
        0.4465529940187116,
        0.33809364135315695,
        0.4807878811748575,
        0.25045035745422456,
        0.34004262640434213,
        0.3513380694839451,
        0.2901147108577655,
        0.3617596156213196
      ],
      "imag": [
        0.0,
        0.0,
        0.0,
        0.0,
        0.0,
        0.0,
        0.0,
        0.0,
        0.0,
        0.0,
        0.0,
        0.0,
        0.0,
        0.0,
        0.0,
        0.0
      ]
    },
    "amplitudes": [
      0.9458495408944637,
      0.8236297479531998,
      0.9016984277864171,
      0.31109071377563763,
      0.3501712807700876,
      0.3619746670999268,
      0.3972352179265374,
      0.0,
      0.4465529940187116,
      0.33809364135315695,
      0.4807878811748575,
      0.25045035745422456,
      0.34004262640434213,
      0.3513380694839451,
      0.2901147108577655,
      0.3617596156213196
    ],
    "phases_rad": [
      0.0,
      0.0,
      0.0,
      0.0,
      0.0,
      0.0,
      0.0,
      0.0,
      0.0,
      0.0,
      0.0,
      0.0,
      0.0,
      0.0,
      0.0,
      0.0
    ],
    "phases_deg": [
      0.0,
      0.0,
      0.0,
      0.0,
      0.0,
      0.0,
      0.0,
      0.0,
      0.0,
      0.0,
      0.0,
      0.0,
      0.0,
      0.0,
      0.0,
      0.0
    ]
  },
  "metrics": {
    "objective": 0.9807721790413677,
    "directivity_dbi": 19.037589837883317,
    "cone_power": 0.9807721790413677,
    "cone_power_ratio": 0.9807721790413677,
    "cone_power_percent": 98.07721790413677,
    "sll_db": -10.597876527044223,
    "min_spacing_mm": 18.403330478864362,
    "peak_theta_deg": 0.0,
    "peak_phi_deg": 0.0,
    "grad_norm": 0.009000838188469511,
    "iteration": 147
  },
  "performance": {
    "elapsed_time_s": 6.977157115936279,
    "num_iterations": 150,
    "num_evaluations": 150
  }
}