{
  "optimizer": "Genetic Algorithm",
  "timestamp": "2025-11-27T23:16:29.757839",
  "config": {
    "n_elements": 19,
    "num_rings": 2,
    "freq_hz": 28000000000.0,
    "wavelength_mm": 10.7068735,
    "spacing_mm": 5.35343675,
    "max_iterations": 150
  },
  "results": {
    "alpha": [
      0.9999851901762783,
      0.052729174904006276,
      0.6835416627188108,
      0.9969822515801053,
      0.8925417154162159,
      0.2368394651284282,
      0.656830834831992,
      0.8609163334612278,
      0.45393888123617426,
      0.6454191336366308,
      0.4012326874556197,
      0.4993257280285095,
      0.4145072033123337,
      0.3514316889801956,
      0.18513705324338017,
      0.3568981660777417,
      1.0,
      1.0,
      0.9999494824526431,
      0.9990392067198123,
      0.9726654111680652,
      0.9998107400985177,
      0.10373556840400647,
      0.9999439079265633,
      0.0,
      0.9999998898440176,
      0.0,
      0.8270075822456672,
      0.0,
      0.0009012717969799969,
      0.0,
      6.229151267376396e-05,
      0.05973171564483864,
      0.0007777543955255081,
      0.9867952822936643,
      0.0,
      1.0,
      0.0,
      1.0,
      0.08993890434115534
    ],
    "positions_mm": [
      [
        0.29477360470649594,
        0.7981689149120044
      ],
      [
        7.211394364521363,
        1.8411145961565873
      ],
      [
        1.5818828438259576,
        7.410800825488099
      ],
      [
        -5.324928119327986,
        4.8009470570532455
      ],
      [
        -6.739583559158346,
        -2.2648414814214277
      ],
      [
        -1.467311741303537,
        -7.069763313349777
      ],
      [
        4.745272872433017,
        -4.79722540181774
      ],
      [
        13.964935894412399,
        5.330532671931852
      ],
      [
        8.713902228116964,
        9.896389024919456
      ],
      [
        3.4191306295985497,
        14.465027548266674
      ],
      [
        -4.5573578473850995,
        12.20148284021412
      ],
      [
        -11.304920579594144,
        9.937814169194466
      ],
      [
        -12.63492823700327,
        2.82882515958505
      ],
      [
        -13.964935894412399,
        -5.329085201463945
      ],
      [
        -8.713983360865328,
        -9.8978320466341
      ],
      [
        -3.367099838816167,
        -14.4640824078512
      ],
      [
        4.702753202325202,
        -12.201572925824317
      ],
      [
        11.304920579594144,
        -9.937814346108391
      ],
      [
        12.63492823700327,
        -2.962211678861867
      ]
    ],
    "weights": null
  },
  "metrics": {
    "objective": 20.452604892250186,
    "directivity_dbi": 20.452604892250186,
    "sll_db": -16.905108785564337,
    "peak_theta_deg": 0.0,
    "peak_phi_deg": 0.0,
    "generation": 125
  },
  "performance": {
    "elapsed_time_s": 33.6186580657959,
    "num_iterations": 150,
    "num_evaluations": 150
  }
}