{
  "optimizer": "PSO",
  "timestamp": "2025-11-27T23:16:29.761872",
  "config": {
    "n_elements": 19,
    "num_rings": 2,
    "freq_hz": 28000000000.0,
    "wavelength_mm": 10.7068735,
    "spacing_mm": 5.35343675,
    "max_iterations": 150
  },
  "results": {
    "alpha": [
      1.0,
      0.37800913533344005,
      0.0,
      1.0,
      0.8592878819534185,
      1.0,
      0.0,
      1.0,
      0.0,
      0.6794893270607656,
      0.0,
      0.0,
      1.0,
      0.0,
      1.0,
      0.48076338809756985,
      0.0,
      1.0,
      0.0,
      1.0,
      0.0,
      0.0,
      0.0,
      0.0,
      0.0,
      0.0,
      0.8249123615165753,
      0.0,
      1.0,
      0.0,
      1.0,
      0.0,
      1.0,
      1.0,
      1.0,
      1.0,
      0.9998500711908354,
      1.0,
      0.0,
      1.0
    ],
    "positions_mm": [
      [
        -0.8030155125,
        0.8030155125
      ],
      [
        -4.436217044384593,
        5.630185594091599
      ],
      [
        -7.490089696400687,
        -1.1249965648149778
      ],
      [
        -2.4768451666923648,
        -6.466916730990615
      ],
      [
        4.210229017208321,
        -5.630185594091599
      ],
      [
        7.490089696400687,
        1.1249965648149778
      ],
      [
        2.4768451666923648,
        6.724287563375389
      ],
      [
        -10.829504571916642,
        10.457355675683198
      ],
      [
        -12.503334226109008,
        3.702173516776621
      ],
      [
        -14.177163880301373,
        -4.659039667129956
      ],
      [
        -9.163919350593051,
        -9.486209748721555
      ],
      [
        -4.1506748208847295,
        -14.313379830313153
      ],
      [
        3.861234208517592,
        -12.385367752998176
      ],
      [
        10.829504571916642,
        -10.457355675683198
      ],
      [
        12.503334226109008,
        -3.702173516776621
      ],
      [
        14.177163880301373,
        4.659039667129956
      ],
      [
        9.163919350593051,
        9.486209748721555
      ],
      [
        4.15043403056567,
        14.313379830313153
      ],
      [
        -4.142430388015956,
        12.385367752998176
      ]
    ],
    "weights": null
  },
  "metrics": {
    "objective": 20.447618020404374,
    "directivity_dbi": 20.447618020404374,
    "sll_db": -16.972545915213146,
    "peak_theta_deg": 0.0,
    "peak_phi_deg": 0.0,
    "iteration": 79
  },
  "performance": {
    "elapsed_time_s": 17.880943298339844,
    "num_iterations": 80,
    "num_evaluations": 80
  }
}