{
  "optimizer": "Differential Evolution",
  "timestamp": "2025-11-27T23:16:29.765898",
  "config": {
    "n_elements": 19,
    "num_rings": 2,
    "freq_hz": 28000000000.0,
    "wavelength_mm": 10.7068735,
    "spacing_mm": 5.35343675,
    "max_iterations": 150
  },
  "results": {
    "alpha": [
      1.0,
      0.9999918571020369,
      1.0,
      0.9555672658922376,
      1.0,
      1.0,
      0.10371473010842817,
      1.0,
      0.0,
      0.10619540400314431,
      0.4774056351043425,
      0.0,
      0.9715206206843466,
      0.2555003072075847,
      0.8951025434770957,
      1.0,
      1.0,
      0.3010987383805253,
      0.9999886799423724,
      1.0,
      1.0,
      1.0,
      0.33323495824091687,
      1.0,
      0.0,
      1.0,
      9.179595579987383e-06,
      1.0,
      6.0001775011817685e-05,
      0.600737868044623,
      0.0,
      0.0003319032135982622,
      0.0,
      0.0,
      0.6152309485858257,
      0.0,
      0.9999795016814045,
      0.0,
      1.0,
      0.0
    ],
    "positions_mm": [
      [
        0.8030155125,
        0.731655162997358
      ],
      [
        7.762483278391146,
        0.8026594429061537
      ],
      [
        2.843595810062996,
        6.829913359783741
      ],
      [
        -4.282441030131787,
        5.394791517919047
      ],
      [
        -6.995755016903743,
        -0.8026594429061537
      ],
      [
        -2.7227655025130417,
        -6.419571939511329
      ],
      [
        4.113972460512414,
        -5.224238404377588
      ],
      [
        14.721951044282292,
        -0.3201537362602108
      ],
      [
        11.242507346286752,
        6.829557290189895
      ],
      [
        7.763100009018718,
        12.856811207067482
      ],
      [
        -0.26721310032293577,
        12.857167276661329
      ],
      [
        -7.7618665477635735,
        12.857523346255176
      ],
      [
        -11.241894053307634,
        6.830625498971434
      ],
      [
        -14.721854679570068,
        0.1625002806597134
      ],
      [
        -11.242525526650507,
        -6.829024243331559
      ],
      [
        -7.763100009018718,
        -12.856811207067482
      ],
      [
        0.1844477478414437,
        -12.857167276661329
      ],
      [
        7.761833626827949,
        -12.857523346255176
      ],
      [
        11.241908796022933,
        -6.830625498971434
      ]
    ],
    "weights": null
  },
  "metrics": {
    "objective": 20.45225315989667,
    "directivity_dbi": 20.45225315989667,
    "sll_db": -17.04272994121284,
    "peak_theta_deg": 0.0,
    "peak_phi_deg": 0.0,
    "generation": 128
  },
  "performance": {
    "elapsed_time_s": 42.4716739654541,
    "num_iterations": 150,
    "num_evaluations": 150
  }
}