{
  "optimizer": "Gradient (Adam)",
  "timestamp": "2025-11-27T23:16:29.749408",
  "config": {
    "n_elements": 19,
    "num_rings": 2,
    "freq_hz": 28000000000.0,
    "wavelength_mm": 10.7068735,
    "spacing_mm": 5.35343675,
    "max_iterations": 150
  },
  "results": {
    "alpha": [
      1.0,
      0.04253507524837126,
      0.0,
      0.0,
      0.6740497681265962,
      0.3506004435143151,
      0.843743239685848,
      0.4145612216856758,
      1.0,
      0.8839566709105974,
      0.0,
      0.9311524892361371,
      0.4094950279146153,
      0.1365642064601163,
      0.5001422078136885,
      0.5968132165264004,
      1.0,
      1.0,
      1.0,
      1.0,
      1.0,
      1.0,
      0.12007866998339783,
      1.0,
      0.0,
      1.0,
      0.0,
      0.9946683210060554,
      0.0,
      0.0,
      0.0,
      0.0,
      0.0,
      0.0,
      1.0,
      0.0,
      1.0,
      0.0,
      1.0,
      0.11479144195847682
    ],
    "positions_mm": [
      [
        -0.8030155125,
        -0.8030155125
      ],
      [
        6.991930718160106,
        1.5979550174908712
      ],
      [
        2.3165989486756517,
        6.5948404661581534
      ],
      [
        -4.144849237048567,
        5.510808780279069
      ],
      [
        -7.515416903154736,
        -1.1454510661089066
      ],
      [
        -1.9098904341920553,
        -7.315746954889603
      ],
      [
        4.948093139709348,
        -4.7386774251694925
      ],
      [
        14.227818293809472,
        4.478806193156243
      ],
      [
        9.279953544260906,
        9.372968647697176
      ],
      [
        4.332088794712337,
        14.26713110223811
      ],
      [
        -3.793493551508326,
        12.42923576190999
      ],
      [
        -10.698745011597135,
        10.591340421581869
      ],
      [
        -12.463281652703303,
        3.850719784833197
      ],
      [
        -14.227818293809472,
        -4.478806193156243
      ],
      [
        -9.279953544260906,
        -9.372968647697176
      ],
      [
        -4.332088794712337,
        -14.26713110223811
      ],
      [
        3.986343620942399,
        -12.42923576190999
      ],
      [
        10.698745011597135,
        -10.591340421581869
      ],
      [
        12.463281652703303,
        -3.674924009523012
      ]
    ],
    "weights": null
  },
  "metrics": {
    "objective": 20.45817471054701,
    "directivity_dbi": 20.45817471054701,
    "cone_power": 0.8385790193636448,
    "cone_power_ratio": 0.8385790193636448,
    "cone_power_percent": 83.85790193636447,
    "sll_db": -17.13659850273884,
    "min_spacing_mm": 6.5517507089929525,
    "peak_theta_deg": 0.0,
    "peak_phi_deg": 0.0,
    "grad_norm": 2.742109995629591,
    "iteration": 134
  },
  "performance": {
    "elapsed_time_s": 7.325125455856323,
    "num_iterations": 150,
    "num_evaluations": 150
  }
}