{
  "cst_path": "c:\\Users\\prami\\Documents\\BITS Pilani\\DL Antenna\\output\\sims\\case_study_3_grid_beamsteering_4x4_phase_spacing\\case_study_3_grid_beamsteering_4x4_phase_spacing.cst",
  "array_config": {
    "rows": 4,
    "cols": 4,
    "n_elements": 16,
    "freq_hz": 10000000000.0,
    "patch_radius_mm": 8.993773739999998,
    "spacing_mm": 14.989622899999999,
    "target_theta_deg": 30.0,
    "target_phi_deg": 45.0
  },
  "positions_mm": [
    [
      -26.981321219999995,
      -26.981321219999995
    ],
    [
      -26.981321219999995,
      -8.993773739999998
    ],
    [
      -26.981321219999995,
      8.993773739999998
    ],
    [
      -26.981321219999995,
      26.981321219999995
    ],
    [
      -8.993773739999998,
      -26.981321219999995
    ],
    [
      -8.993773739999998,
      -8.993773739999998
    ],
    [
      -8.993773739999998,
      8.993773739999998
    ],
    [
      -8.993773739999998,
      26.981321219999995
    ],
    [
      8.993773739999998,
      -26.981321219999995
    ],
    [
      8.993773739999998,
      -8.993773739999998
    ],
    [
      8.993773739999998,
      8.993773739999998
    ],
    [
      8.993773739999998,
      26.981321219999995
    ],
    [
      26.981321219999995,
      -26.981321219999995
    ],
    [
      26.981321219999995,
      -8.993773739999998
    ],
    [
      26.981321219999995,
      8.993773739999998
    ],
    [
      26.981321219999995,
      26.981321219999995
    ]
  ],
  "phases_deg": [
    58.37534119205196,
    -34.277964246910386,
    -112.90516272614818,
    157.20832286175875,
    -34.27796322189527,
    -124.4889837155507,
    157.34427495177934,
    62.48602238879891,
    -112.90516402795303,
    157.34427713477578,
    73.93673059036033,
    0.0,
    157.20831885325853,
    62.48602332981636,
    0.0,
    -109.2866326074859
  ]
}