{
  "optimizer": "PSO",
  "timestamp": "2025-11-27T23:39:06.515422",
  "config": {
    "rows": 4,
    "cols": 4,
    "n_elements": 16,
    "freq_hz": 10000000000.0,
    "wavelength_mm": 29.979245799999998,
    "spacing_mm": 14.989622899999999,
    "target_theta_deg": 30.0,
    "target_phi_deg": 45.0,
    "max_iterations": 150
  },
  "results": {
    "alpha": [
      1.0,
      1.0,
      0.7410933203373967,
      0.47072280967423447,
      0.24153228760671383,
      0.0,
      0.45918619268274086,
      0.21360690414142552,
      0.008499506652453274,
      0.7287354774538458,
      1.0,
      0.06352313897771486,
      0.7772315584763821,
      0.509598098809057,
      0.06817272620138144,
      0.7606234527490056,
      0.520723419559858,
      0.27735742576201283
    ],
    "positions_mm": [
      [
        -26.981321219999995,
        -26.981321219999995
      ],
      [
        -26.981321219999995,
        -8.993773739999998
      ],
      [
        -26.981321219999995,
        8.993773739999998
      ],
      [
        -26.981321219999995,
        26.981321219999995
      ],
      [
        -8.993773739999998,
        -26.981321219999995
      ],
      [
        -8.993773739999998,
        -8.993773739999998
      ],
      [
        -8.993773739999998,
        8.993773739999998
      ],
      [
        -8.993773739999998,
        26.981321219999995
      ],
      [
        8.993773739999998,
        -26.981321219999995
      ],
      [
        8.993773739999998,
        -8.993773739999998
      ],
      [
        8.993773739999998,
        8.993773739999998
      ],
      [
        8.993773739999998,
        26.981321219999995
      ],
      [
        26.981321219999995,
        -26.981321219999995
      ],
      [
        26.981321219999995,
        -8.993773739999998
      ],
      [
        26.981321219999995,
        8.993773739999998
      ],
      [
        26.981321219999995,
        26.981321219999995
      ]
    ],
    "weights": {
      "real": [
        -0.05593311307654837,
        -0.9831281187345791,
        0.05317910890003101,
        1.0,
        -0.9672988779361893,
        0.22667705263010232,
        0.9985743465869569,
        -0.13321177369194553,
        1.0,
        0.9214003512330092,
        0.17026730429477982,
        -0.9981821060400442,
        0.9096557251166436,
        0.06669956708752064,
        -0.9915347674484039,
        -0.17104655042286082
      ],
      "imag": [
        -0.9984345180639369,
        0.18291829365431816,
        0.9985849900617366,
        0.0,
        0.25363927287269467,
        0.9739699758262211,
        0.05337859438419198,
        -0.9910875962042134,
        -2.4492935982947064e-16,
        0.38861470989617375,
        -0.9853979120579609,
        -0.06027008529496077,
        0.41536304814284253,
        -0.9977731043430351,
        -0.12984146079369097,
        0.9852629484500266
      ]
    },
    "phases_rad": [
      -1.626758645586721,
      2.9576386414994427,
      1.5175921206999785,
      0.0,
      2.885151939123932,
      1.342131761613523,
      0.05340397531696956,
      -1.704405262421082,
      -2.4492935982947064e-16,
      0.3991276534907049,
      -1.3996953986844904,
      -3.0812860201758685,
      0.4283418716188967,
      -1.5040472045708289,
      -3.011383568296776,
      1.7426881023850318
    ],
    "phases_deg": [
      -93.2064046785372,
      169.4602114827244,
      86.95162353841698,
      0.0,
      165.30702936578672,
      76.89848549091319,
      3.0598223948831786,
      -97.65522811661553,
      -1.4033418597069752e-14,
      22.86833003197735,
      -80.19663894850243,
      -176.5446844287395,
      24.54218143249732,
      -86.17555701035803,
      -172.53956895845116,
      99.84867327432461
    ]
  },
  "metrics": {
    "objective": 117.92702506733494,
    "steering_efficiency": 0.9999998691741239,
    "gain_at_target_dbi": 17.92703814992255,
    "directivity_dbi": 17.927038718092007,
    "peak_theta_deg": 29.5,
    "peak_phi_deg": 44.0,
    "target_theta_deg": 30.0,
    "target_phi_deg": 45.0,
    "iteration": 149
  },
  "performance": {
    "elapsed_time_s": 35.05472230911255,
    "num_iterations": 150
  }
}