{
  "optimizer": "Differential Evolution",
  "timestamp": "2025-11-27T23:39:06.528070",
  "config": {
    "rows": 4,
    "cols": 4,
    "n_elements": 16,
    "freq_hz": 10000000000.0,
    "wavelength_mm": 29.979245799999998,
    "spacing_mm": 14.989622899999999,
    "target_theta_deg": 30.0,
    "target_phi_deg": 45.0,
    "max_iterations": 150
  },
  "results": {
    "alpha": [
      1.0,
      0.6892833948055123,
      0.4233345121953257,
      0.14931567108555116,
      1.0,
      0.7112945900735952,
      1.0,
      1.0,
      0.7470041785360462,
      0.5056077657993859,
      0.0001944337255318414,
      0.7114207213309127,
      0.4440269614917372,
      0.2600662330229318,
      0.721962890036017,
      0.38138058759821414,
      0.2484406234592549,
      0.04214635003606319
    ],
    "positions_mm": [
      [
        -26.981321219999995,
        -24.186806375619867
      ],
      [
        -26.981321219999995,
        -8.062268791873288
      ],
      [
        -26.981321219999995,
        8.062268791873288
      ],
      [
        -26.981321219999995,
        24.186806375619867
      ],
      [
        -8.993773739999998,
        -24.186806375619867
      ],
      [
        -8.993773739999998,
        -8.062268791873288
      ],
      [
        -8.993773739999998,
        8.062268791873288
      ],
      [
        -8.993773739999998,
        24.186806375619867
      ],
      [
        8.993773739999998,
        -24.186806375619867
      ],
      [
        8.993773739999998,
        -8.062268791873288
      ],
      [
        8.993773739999998,
        8.062268791873288
      ],
      [
        8.993773739999998,
        24.186806375619867
      ],
      [
        26.981321219999995,
        -24.186806375619867
      ],
      [
        26.981321219999995,
        -8.062268791873288
      ],
      [
        26.981321219999995,
        8.062268791873288
      ],
      [
        26.981321219999995,
        24.186806375619867
      ]
    ],
    "weights": {
      "real": [
        -0.8862070108445048,
        0.591258391365196,
        1.0,
        -0.2408031468132245,
        1.0,
        1.0,
        -0.0188221898566765,
        -0.9993793245822581,
        0.9999992537696943,
        -0.24003388551264512,
        -0.9387922280903849,
        -0.0632058472511284,
        -0.17525262388055168,
        -0.7348792223268832,
        0.009797695007724741,
        0.9651413753767093
      ],
      "imag": [
        0.463289470989842,
        0.8064821849490792,
        -2.4492935982947064e-16,
        -0.9705739768224,
        -2.4492935982947064e-16,
        -2.4492935982947064e-16,
        -0.9998228468928879,
        -0.035227341618544745,
        0.0012216628236011561,
        -0.9707645099640295,
        0.3444838929138643,
        0.9980005114594216,
        -0.9845234978521243,
        0.6781980010234736,
        0.9999520014343366,
        0.2617291071622604
      ]
    },
    "phases_rad": [
      2.6598891870477077,
      0.9381780306963947,
      -2.4492935982947064e-16,
      -1.8139895897528462,
      -2.4492935982947064e-16,
      -2.4492935982947064e-16,
      -1.5896196282001445,
      -3.1063580219129876,
      0.0012216631274818543,
      -1.813197083690093,
      2.789903680436479,
      1.6340443342232276,
      -1.746958684176373,
      2.3962849044406163,
      1.5609984750257264,
      0.26481332729784
    ],
    "phases_deg": [
      152.40042439031726,
      53.75364159079841,
      -1.4033418597069752e-14,
      -103.93394757350573,
      -1.4033418597069752e-14,
      -1.4033418597069752e-14,
      -91.07849572702338,
      -177.98120431222108,
      0.0699961411914629,
      -103.88854032087144,
      159.84970613702538,
      93.62384388825545,
      -100.09335958703387,
      137.2970115353571,
      89.43862444533177,
      15.172686012982746
    ]
  },
  "metrics": {
    "objective": 117.68622794351386,
    "steering_efficiency": 0.9999999999999684,
    "gain_at_target_dbi": 17.68622794351703,
    "directivity_dbi": 17.68622794351703,
    "peak_theta_deg": 30.0,
    "peak_phi_deg": 45.0,
    "target_theta_deg": 30.0,
    "target_phi_deg": 45.0,
    "generation": 148
  },
  "performance": {
    "elapsed_time_s": 38.27066421508789,
    "num_iterations": 150
  }
}