{
  "optimizer": "Genetic Algorithm",
  "timestamp": "2025-11-27T23:39:06.515422",
  "config": {
    "rows": 4,
    "cols": 4,
    "n_elements": 16,
    "freq_hz": 10000000000.0,
    "wavelength_mm": 29.979245799999998,
    "spacing_mm": 14.989622899999999,
    "target_theta_deg": 30.0,
    "target_phi_deg": 45.0,
    "max_iterations": 150
  },
  "results": {
    "alpha": [
      0.9992805865760009,
      1.0,
      0.8535329662579025,
      0.6196158439267293,
      0.35829480757497345,
      0.08704883942236889,
      0.5835140757494085,
      0.3550599176523622,
      0.10385254003083808,
      0.8488214219200011,
      0.3552771889090548,
      0.1175314673168358,
      0.002198551312282258,
      0.649026361900147,
      1.0,
      0.0002597235803131462,
      0.6697826746175618,
      0.36806189356251295
    ],
    "positions_mm": [
      [
        -26.97485097843903,
        -26.981321219999995
      ],
      [
        -26.97485097843903,
        -8.993773739999998
      ],
      [
        -26.97485097843903,
        8.993773739999998
      ],
      [
        -26.97485097843903,
        26.981321219999995
      ],
      [
        -8.99161699281301,
        -26.981321219999995
      ],
      [
        -8.99161699281301,
        -8.993773739999998
      ],
      [
        -8.99161699281301,
        8.993773739999998
      ],
      [
        -8.99161699281301,
        26.981321219999995
      ],
      [
        8.99161699281301,
        -26.981321219999995
      ],
      [
        8.99161699281301,
        -8.993773739999998
      ],
      [
        8.99161699281301,
        8.993773739999998
      ],
      [
        8.99161699281301,
        26.981321219999995
      ],
      [
        26.97485097843903,
        -26.981321219999995
      ],
      [
        26.97485097843903,
        -8.993773739999998
      ],
      [
        26.97485097843903,
        8.993773739999998
      ],
      [
        26.97485097843903,
        26.981321219999995
      ]
    ],
    "weights": {
      "real": [
        0.6055977508754038,
        -0.7306188099481631,
        -0.6291322531819239,
        0.854117876617446,
        -0.8654570264148445,
        -0.6132044828028642,
        0.7945533163252417,
        0.581778238380032,
        -0.6142822805062647,
        0.7394980158654058,
        0.9999045895273796,
        -0.5927234234853719,
        1.0,
        0.9999986684655513,
        -0.4829498175556905,
        -0.6756195675811097
      ],
      "imag": [
        -0.7957709244089359,
        -0.6827855846090557,
        0.7772982747994721,
        0.5200794678147805,
        -0.5009831688082697,
        0.7899242129916463,
        0.6071943902215833,
        -0.8133474542576663,
        0.789086357666905,
        0.6731587365036037,
        0.01381346596920656,
        -0.8054060735130947,
        -2.4492935982947064e-16,
        0.0016318906594450417,
        -0.8756480307309126,
        0.7372504322830299
      ]
    },
    "phases_rad": [
      -0.9202795143945236,
      -2.390024140523481,
      2.25123267059381,
      0.5469439888656633,
      -2.616858239898427,
      2.230907257761716,
      0.6525247536350416,
      -0.9498830205525509,
      2.232272413329439,
      0.7384719885764004,
      0.013813905302412284,
      -2.205232406116363,
      -2.4492935982947064e-16,
      0.0016318913837516374,
      -2.074816647019077,
      2.312601081764678
    ],
    "phases_deg": [
      -52.728132147155094,
      -136.93829618637747,
      128.98613072699044,
      31.3375821920528,
      -149.93493273021295,
      127.82157035485041,
      37.386914411101706,
      -54.4242881087996,
      127.89978800725972,
      42.31132823406089,
      0.7914784724216131,
      -126.35050971594714,
      -1.4033418597069752e-14,
      0.09350048891273263,
      -118.8782371376778,
      132.50228168250464
    ]
  },
  "metrics": {
    "objective": 118.0255769341536,
    "steering_efficiency": 0.9998918353521037,
    "gain_at_target_dbi": 18.036393398943225,
    "directivity_dbi": 18.036863177447444,
    "peak_theta_deg": 29.5,
    "peak_phi_deg": 45.0,
    "target_theta_deg": 30.0,
    "target_phi_deg": 45.0,
    "generation": 148
  },
  "performance": {
    "elapsed_time_s": 34.96751952171326,
    "num_iterations": 150
  }
}