{
  "optimizer": "Gradient (Adam)",
  "timestamp": "2025-11-27T23:39:06.500120",
  "config": {
    "rows": 4,
    "cols": 4,
    "n_elements": 16,
    "freq_hz": 10000000000.0,
    "wavelength_mm": 29.979245799999998,
    "spacing_mm": 14.989622899999999,
    "target_theta_deg": 30.0,
    "target_phi_deg": 45.0,
    "max_iterations": 150
  },
  "results": {
    "alpha": [
      1.0,
      1.0,
      0.16215372553347768,
      0.9047834326474712,
      0.6863745479829217,
      0.43668978572710765,
      0.9047834354947354,
      0.6541972674568036,
      0.4370674304216093,
      0.17357228441333028,
      0.6863745443667972,
      0.43706743648548824,
      0.20537980719544535,
      0.0,
      0.4366897745923848,
      0.17357228702726768,
      0.0,
      0.6964260205347614
    ],
    "positions_mm": [
      [
        -26.981321219999995,
        -26.981321219999995
      ],
      [
        -26.981321219999995,
        -8.993773739999998
      ],
      [
        -26.981321219999995,
        8.993773739999998
      ],
      [
        -26.981321219999995,
        26.981321219999995
      ],
      [
        -8.993773739999998,
        -26.981321219999995
      ],
      [
        -8.993773739999998,
        -8.993773739999998
      ],
      [
        -8.993773739999998,
        8.993773739999998
      ],
      [
        -8.993773739999998,
        26.981321219999995
      ],
      [
        8.993773739999998,
        -26.981321219999995
      ],
      [
        8.993773739999998,
        -8.993773739999998
      ],
      [
        8.993773739999998,
        8.993773739999998
      ],
      [
        8.993773739999998,
        26.981321219999995
      ],
      [
        26.981321219999995,
        -26.981321219999995
      ],
      [
        26.981321219999995,
        -8.993773739999998
      ],
      [
        26.981321219999995,
        8.993773739999998
      ],
      [
        26.981321219999995,
        26.981321219999995
      ]
    ],
    "weights": {
      "real": [
        0.5243524214446686,
        0.8263149635093386,
        -0.3892069534173281,
        -0.9219194328959506,
        0.8263149735850722,
        -0.5662477713556168,
        -0.9228360204448027,
        0.46196499051933726,
        -0.3892069743465829,
        -0.92283603512084,
        0.2766986699198884,
        1.0,
        -0.9219194057941351,
        0.46196497595305225,
        1.0,
        -0.3302941902279435
      ],
      "imag": [
        0.8515013435838563,
        -0.56320829280166,
        -0.9211503392018058,
        0.38738167128661233,
        -0.5632082780189771,
        -0.8242350765617762,
        0.3851930416941611,
        0.8868981607459047,
        -0.9211503303587196,
        0.3851930065336699,
        0.9609567347516561,
        0.0,
        0.3873817357855025,
        0.8868981683331496,
        0.0,
        -0.943878036560692
      ]
    },
    "phases_rad": [
      1.0188419057763782,
      -0.5982633369894848,
      -1.9705668320712626,
      2.7438028454759644,
      -0.5982633190995961,
      -2.1727426482979637,
      2.7461756570717917,
      1.0905868271594332,
      -1.9705668547920434,
      2.746175695172267,
      1.2904393869617985,
      0.0,
      2.7438027755144376,
      1.0905868435832862,
      0.0,
      -1.9074115674180245
    ],
    "phases_deg": [
      58.37534119205196,
      -34.277964246910386,
      -112.90516272614818,
      157.20832286175875,
      -34.27796322189527,
      -124.4889837155507,
      157.34427495177934,
      62.48602238879891,
      -112.90516402795303,
      157.34427713477578,
      73.93673059036033,
      0.0,
      157.20831885325853,
      62.48602332981636,
      0.0,
      -109.2866326074859
    ]
  },
  "metrics": {
    "objective": 118.39509612621308,
    "directivity_dbi": 18.395096126215897,
    "cone_power": 0.022929312084723683,
    "cone_power_ratio": 0.022929312084723683,
    "cone_power_percent": 2.2929312084723685,
    "sll_db": 2.4972932265342735,
    "min_spacing_mm": 17.987547480000025,
    "peak_theta_deg": 30.0,
    "peak_phi_deg": 45.0,
    "steering_efficiency": 0.9999999999999717,
    "gain_at_target_dbi": 18.395096126215897,
    "target_theta_deg": 30.0,
    "target_phi_deg": 45.0,
    "grad_norm": 2.2316205360639985,
    "iteration": 149
  },
  "performance": {
    "elapsed_time_s": 7.032475233078003,
    "num_iterations": 150
  }
}